schid,year,math4,lavgrexpp,lunch,lenrol,school
5144,1994,59.5,7.945776462554932,8.600000381469727,6.453625202178955,School A (low spend)
5144,1995,76.69999694824219,7.974419116973877,7.880000114440918,6.5027899742126465,School A (low spend)
5144,1996,69.5,8.082099914550781,9.130000114440918,6.473890781402588,School A (low spend)
5144,1997,68.0,8.171581268310547,10.399999618530273,6.514712810516357,School A (low spend)
5144,1998,84.0,8.237674713134766,11.890000343322754,6.555356979370117,School A (low spend)
5753,1994,65.5,8.006768226623535,2.799999952316284,6.169610500335693,School B (mid spend)
5753,1995,74.0999984741211,8.171720504760742,5.039999961853027,6.052089214324951,School B (mid spend)
5753,1996,80.30000305175781,8.338089942932129,5.360000133514404,6.095824718475342,School B (mid spend)
5753,1997,70.4000015258789,8.275882720947266,3.4700000286102295,6.10924768447876,School B (mid spend)
5753,1998,77.0,8.28670883178711,5.210000038146973,6.042633056640625,School B (mid spend)
6315,1994,69.80000305175781,8.092047691345215,25.5,6.421622276306152,School C (high spend)
6315,1995,80.0999984741211,8.249693870544434,24.219999313354492,6.459904670715332,School C (high spend)
6315,1996,90.80000305175781,8.347918510437012,21.5,6.455198764801025,School C (high spend)
6315,1997,84.80000305175781,8.400372505187988,19.190000534057617,6.380122661590576,School C (high spend)
6315,1998,91.0,8.430058479309082,23.270000457763672,6.376727104187012,School C (high spend)
